,window_size,hop_size,window_start_time,window_end_time,duration,peak_to_peak,amplitude_reduction,flow_flatness,cluster_id
0,2560,2560,0.0,10.0,10.0,0.08711405447212178,0.933059906804028,0.049240589607607875,0
1,2560,2560,10.0,20.0,10.0,0.08287677015065553,0.9048046833953709,0.04664059102764487,0
2,2560,2560,20.0,30.0,10.0,0.12452460273997196,0.8805914881810464,0.05809114700291304,11
3,2560,2560,30.0,40.0,10.0,0.15677951989425126,0.8875428269189438,0.08894221414101387,6
4,2560,2560,40.0,50.0,10.0,0.19754122838592292,0.770328897974004,0.10659061714163648,2
5,2560,2560,50.0,60.0,10.0,0.22765333635862411,0.7338911867761717,0.12240052397465317,9
6,2560,2560,60.0,70.0,10.0,0.10788158105147538,0.891239712836978,0.053857672736563764,11
7,2560,2560,70.0,80.0,10.0,0.09458971958679996,0.8905513906307638,0.05340019329149952,11
8,2560,2560,80.0,90.0,10.0,0.17885206559922762,0.8282570975898624,0.09437388001304983,2
9,2560,2560,90.0,100.0,10.0,0.10614155555064514,0.8721588177252633,0.06873218899472817,6
10,2560,2560,100.0,110.0,10.0,0.11866007234828496,0.8516741334374431,0.07216951981489539,6
11,2560,2560,110.0,120.0,10.0,0.07826892484290132,0.8823423763250573,0.05180261989703741,3
12,2560,2560,120.0,130.0,10.0,0.08932130904261931,0.8814506689660142,0.056300482180468,3
13,2560,2560,130.0,140.0,10.0,0.1280207650888624,0.8662586711239673,0.07781372099194203,6
14,2560,2560,140.0,150.0,10.0,0.10022869111726829,0.9153431801624663,0.05265506645310114,11
15,2560,2560,150.0,160.0,10.0,0.11513168730493478,0.8851233626273656,0.05699459697757114,11
16,2560,2560,160.0,170.0,10.0,0.07786614116215362,0.9094013599240254,0.043964075135005776,0
17,2560,2560,170.0,180.0,10.0,0.07407997456312482,0.8953782207250607,0.04629760231289598,3
18,2560,2560,180.0,190.0,10.0,0.08129785812212431,0.8729182282505028,0.0568000421969622,3
19,2560,2560,190.0,200.0,10.0,0.0839562304150594,0.8894232666434463,0.052214361451336774,3
20,2560,2560,200.0,210.0,10.0,0.09420304725328205,0.8835783482726434,0.056469352833544206,11
21,2560,2560,210.0,220.0,10.0,0.11645281777778732,0.854126049884687,0.07137858502024627,6
22,2560,2560,220.0,230.0,10.0,0.08202286874747028,0.9005992006394947,0.049574507776051144,3
23,2560,2560,230.0,240.0,10.0,0.1030803995769623,0.8500056397771569,0.06619250345891585,6
24,2560,2560,240.0,250.0,10.0,0.08677571618029367,0.9000805898099447,0.04840646832779219,3
25,2560,2560,250.0,260.0,10.0,0.0834567786509322,0.8824457238306331,0.051936701639873045,3
26,2560,2560,260.0,270.0,10.0,0.1799154145164017,0.8445610971034183,0.10042061039484516,2
27,2560,2560,270.0,280.0,10.0,0.08724294524996101,0.8780449061776696,0.05596454354559979,3
28,2560,2560,280.0,290.0,10.0,0.08281232476173589,0.8720010735365777,0.05645978674858671,3
29,2560,2560,290.0,300.0,10.0,0.0848101318182446,0.916370063598769,0.0458122555928751,0
30,2560,2560,300.0,310.0,10.0,0.10784935835701553,0.8776553754508651,0.059621053251963194,11
31,2560,2560,310.0,320.0,10.0,0.09386470896145399,0.8714208632095388,0.05839889957611533,6
32,2560,2560,320.0,330.0,10.0,0.08228065030314885,0.8832904443082576,0.052804916611030435,3
33,2560,2560,330.0,340.0,10.0,0.08593792612433832,0.8745451118177001,0.0540000255323907,3
34,2560,2560,340.0,350.0,10.0,0.1306146919928779,0.8448190868547665,0.07908225443416478,10
35,2560,2560,350.0,360.0,10.0,0.08192620066409079,0.9056097185306877,0.047835423348266105,0
36,2560,2560,360.0,370.0,10.0,0.07525610291090828,0.915006267295436,0.045158141295893156,0
37,2560,2560,370.0,380.0,10.0,0.08598626016602806,0.8858490738470319,0.0557883812731491,3
38,2560,2560,380.0,390.0,10.0,0.08563181052697016,0.8863386247883049,0.05665852623376307,3
39,2560,2560,390.0,400.0,10.0,0.08674349348583382,0.873717380664736,0.056752941477606796,3
40,2560,2560,400.0,410.0,10.0,0.06800599665744883,0.8987723905321476,0.04503231330201212,0
41,2560,2560,410.0,420.0,10.0,0.10435319600812515,0.8611726671598126,0.06230936223283888,6
42,2560,2560,420.0,430.0,10.0,0.08423012331796792,0.8864365451027147,0.05016564708941717,3
43,2560,2560,430.0,440.0,10.0,0.07564277524442597,0.9165328615460657,0.04524823363478134,0
44,2560,2560,440.0,450.0,10.0,0.08149119428888324,0.8837101828629876,0.05429443597322433,3
45,2560,2560,450.0,460.0,10.0,0.06375260098875268,0.9186085227041474,0.03942408291137467,0
46,2560,2560,460.0,470.0,10.0,0.07767280499539458,0.8839489968967549,0.05129797640957713,3
47,2560,2560,470.0,480.0,10.0,0.07172771786755794,0.9052901355461773,0.044743569543355316,0
48,2560,2560,480.0,490.0,10.0,0.07351607741007798,0.9098192115732617,0.04638864838086064,0
49,2560,2560,490.0,500.0,10.0,0.07343552067392839,0.8950734087531655,0.04712745173546758,3
50,2560,2560,500.0,510.0,10.0,0.06882767536617418,0.9160328354885559,0.03937816743060163,0
51,2560,2560,510.0,520.0,10.0,0.0628503655438778,0.9038905199098861,0.041515680329474405,0
52,2560,2560,520.0,530.0,10.0,0.07332274124331911,0.8988763707796115,0.04785649537843045,3
53,2560,2560,530.0,540.0,10.0,0.0916896770854162,0.9043735200963718,0.05463279106754968,11
54,2560,2560,540.0,550.0,10.0,0.05630915856853441,0.9216813448535115,0.03615849645748224,0
55,2560,2560,550.0,560.0,10.0,0.07291995756257136,0.9001998042223467,0.044443404882159525,0
56,2560,2560,560.0,570.0,10.0,0.07412830860481451,0.9031475890589196,0.04415076822635035,0
57,2560,2560,570.0,580.0,10.0,0.07022936257517637,0.9188533641286145,0.03884836742982634,0
58,2560,2560,580.0,590.0,10.0,0.0780755886761425,0.8960293338262391,0.047721265086140385,3
59,2560,2560,590.0,600.0,10.0,0.06911767961631254,0.893304269297795,0.047917220459525775,3
60,2560,2560,600.0,610.0,10.0,0.10807491721823426,0.8721773748107933,0.06234966731953696,6
61,2560,2560,610.0,620.0,10.0,0.08758128354178912,0.8889377727522969,0.05101286622623618,3
62,2560,2560,620.0,630.0,10.0,0.07506276674414936,0.9115750849009836,0.04531136772415064,0
63,2560,2560,630.0,640.0,10.0,0.0606431109733801,0.9061084838006455,0.0416582695485916,0
64,2560,2560,640.0,650.0,10.0,0.08621181902724673,0.8939489418666289,0.05070283437192519,3
65,2560,2560,650.0,660.0,10.0,0.08616348498555709,0.9108327918459838,0.04934175012895791,0
66,2560,2560,660.0,670.0,10.0,0.07034214200578576,0.9031612036551862,0.04235725251898695,0
67,2560,2560,670.0,680.0,10.0,0.07865559717641923,0.9020813877917073,0.04635152029330603,0
68,2560,2560,680.0,690.0,10.0,0.08395623041505945,0.8821314916833181,0.05171744403154894,3
69,2560,2560,690.0,700.0,10.0,0.08228065030314885,0.8864879073286511,0.0499499005332188,3
70,2560,2560,700.0,710.0,10.0,0.08542236301298134,0.8960790030459203,0.04814370546288439,3
71,2560,2560,710.0,720.0,10.0,0.05787195924983568,0.9160003133782217,0.03935677767944974,0
72,2560,2560,720.0,730.0,10.0,0.09742531669926396,0.8830280845652632,0.05336897779858602,11
73,2560,2560,730.0,740.0,10.0,0.09178634516879558,0.890624912939229,0.05512203397961209,11
74,2560,2560,740.0,750.0,10.0,0.09149634091865722,0.8730357186073257,0.05670865254003853,11
75,2560,2560,750.0,760.0,10.0,0.15346058236488996,0.8175271683382177,0.09833106809291668,2
76,2560,2560,760.0,770.0,10.0,0.07108326397836157,0.9312248977691322,0.04289968680859065,0
77,2560,2560,770.0,780.0,10.0,0.11350444123471382,0.8394346230676588,0.0724400984790423,10
78,2560,2560,780.0,790.0,10.0,0.05677638763820181,0.9381693152239714,0.03397814886452685,8
79,2560,2560,790.0,800.0,10.0,0.09945534645023263,0.887391829726903,0.0556788284304771,11
80,2560,2560,800.0,810.0,10.0,0.06325314922462538,0.9223146587216386,0.03625052892638343,0
81,2560,2560,810.0,820.0,10.0,0.08622793037447668,0.8973069869668027,0.052203601424311984,3
82,2560,2560,820.0,830.0,10.0,0.054214683428646104,0.9277698270278734,0.03379269392795201,8
83,2560,2560,830.0,840.0,10.0,0.07137326822849999,0.898205898696351,0.04527230548248091,3
84,2560,2560,840.0,850.0,10.0,0.09879478121380625,0.8826613606437821,0.05841998209345252,11
85,2560,2560,850.0,860.0,10.0,0.17910984715490613,0.8414275326655143,0.09123637676425717,2
86,2560,2560,860.0,870.0,10.0,0.06637875058722803,0.9174699586357973,0.04005502927305239,0
87,2560,2560,870.0,880.0,10.0,0.06810266474082838,0.9106931190308056,0.042218855044491105,0
88,2560,2560,880.0,890.0,10.0,0.06964935407489964,0.9024738927998575,0.04141444741533425,0
89,2560,2560,890.0,900.0,10.0,0.12407348501753457,0.8559175627464102,0.0729375965982475,6
90,2560,2560,900.0,910.0,10.0,0.12267179780853243,0.8579487608021052,0.07072068885805635,6
91,2560,2560,910.0,920.0,10.0,0.09868200178319692,0.8534246467861091,0.056832976901203536,6
92,2560,2560,920.0,930.0,10.0,0.1106688441222497,0.8624611462507126,0.057555606069477225,6
93,2560,2560,930.0,940.0,10.0,0.07896171277378738,0.8947129959712992,0.04893894364295924,3
94,2560,2560,940.0,950.0,10.0,0.08373067155384073,0.8940719670794068,0.05111258845767593,3
95,2560,2560,950.0,960.0,10.0,0.07938060780176509,0.8991682123806113,0.04760805059154821,3
96,2560,2560,960.0,970.0,10.0,0.07776947307877408,0.8808618070476217,0.0510739240529199,3
97,2560,2560,970.0,980.0,10.0,0.07051936682531479,0.893382118960957,0.047668584212940374,3
98,2560,2560,980.0,990.0,10.0,0.09470249901740924,0.8648867295251186,0.06019683075221949,6
99,2560,2560,990.0,1000.0,10.0,0.07329051854885926,0.8936615653197453,0.048404235383260004,3
100,2560,2560,1000.0,1010.0,10.0,0.056534717429753134,0.9362384292150696,0.03350297040234416,8
101,2560,2560,1010.0,1020.0,10.0,0.06001476843141362,0.9101952085428475,0.0397468226320967,0
102,2560,2560,1020.0,1030.0,10.0,0.06873100728279485,0.8892421155555068,0.047226280118764924,3
103,2560,2560,1030.0,1040.0,10.0,0.06578263073972135,0.9201011340653276,0.040798806213449335,0
104,2560,2560,1040.0,1050.0,10.0,0.0737416362712967,0.8926565093541514,0.050009161396439086,3
105,2560,2560,1050.0,1060.0,10.0,0.07208216750661595,0.9077585599699831,0.045128659708381924,0
106,2560,2560,1060.0,1070.0,10.0,0.08629237576339627,0.8896598903922859,0.052950230003287975,3
107,2560,2560,1070.0,1080.0,10.0,0.07477276249401099,0.9196845803919769,0.04250864088501397,0
108,2560,2560,1080.0,1090.0,10.0,0.07301662564595074,0.8993843078109085,0.045936399652445274,3
109,2560,2560,1090.0,1100.0,10.0,0.08197453470578053,0.9007453137605568,0.04884679354001735,3
110,2560,2560,1100.0,1110.0,10.0,0.07698001706450858,0.8781744877703495,0.05281925219141427,3
111,2560,2560,1110.0,1120.0,10.0,0.08108841060813565,0.906832663814936,0.04773785667429429,0
112,2560,2560,1120.0,1130.0,10.0,0.10016424572834853,0.8858409655481931,0.05817650984472904,11
113,2560,2560,1130.0,1140.0,10.0,0.07957394396852396,0.8915000704911424,0.0478936898330626,3
114,2560,2560,1140.0,1150.0,10.0,0.06939157251922107,0.8956057962574511,0.047940690536325575,3
115,2560,2560,1150.0,1160.0,10.0,0.06215757761299162,0.9057779066106455,0.04308611732189762,0
116,2560,2560,1160.0,1170.0,10.0,0.07480498518847079,0.8787131323747928,0.050859292566106024,3
117,2560,2560,1170.0,1180.0,10.0,0.09676475146283764,0.8922865362393455,0.07936076531079742,11
118,2560,2560,1180.0,1190.0,10.0,0.08129785812212431,0.8926521137483578,0.05069124059221392,3
119,2560,2560,1190.0,1200.0,10.0,0.09681308550452739,0.8907120377240263,0.05814623104782806,11
120,2560,2560,1200.0,1210.0,10.0,0.062222023001911264,0.9223348546916994,0.03789544218688785,0
121,2560,2560,1210.0,1220.0,10.0,0.081555639677803,0.8770485033051316,0.05407427396310116,3
122,2560,2560,1220.0,1230.0,10.0,0.08643737788846556,0.8852144747444934,0.05544153816767399,3
123,2560,2560,1230.0,1240.0,10.0,0.0911580026268291,0.8888786314852708,0.05813817838758643,11
124,2560,2560,1240.0,1250.0,10.0,0.10701156830106023,0.8697676588664427,0.06660333605430786,6
125,2560,2560,1250.0,1260.0,10.0,0.11999731416836734,0.8440592478527644,0.07527712956755882,10
126,2560,2560,1260.0,1270.0,10.0,0.09086799837669074,0.874967505488282,0.0589794763050998,11
127,2560,2560,1270.0,1280.0,10.0,0.08468124104040536,0.889615667465856,0.05269033424364781,3
128,2560,2560,1280.0,1290.0,10.0,0.07488554192462027,0.8964244439235014,0.049413949076356024,3
129,2560,2560,1290.0,1300.0,10.0,0.09507306000369714,0.9078028359956984,0.0537938525120838,11
130,2560,2560,1300.0,1310.0,10.0,0.07594889084179424,0.9001921771186503,0.045305249216148154,3
131,2560,2560,1310.0,1320.0,10.0,0.10364429673000913,0.8430280068793363,0.06626111757291835,6
132,2560,2560,1320.0,1330.0,10.0,0.09096466646007023,0.8741089215175621,0.058098136691688326,11
133,2560,2560,1330.0,1340.0,10.0,0.09969701665868125,0.8851114830692803,0.057793950322913984,11
134,2560,2560,1340.0,1350.0,10.0,0.11139385474759567,0.8360340788165141,0.07318986354310435,10
135,2560,2560,1350.0,1360.0,10.0,0.09877866986657635,0.8746162265331561,0.0626284429931577,6
136,2560,2560,1360.0,1370.0,10.0,0.09489583518416816,0.8934938237208843,0.0570419230095314,11
137,2560,2560,1370.0,1380.0,10.0,0.10071203153416552,0.8671264822080782,0.064875921251051,6
138,2560,2560,1380.0,1390.0,10.0,0.05527803234582013,0.932056422615924,0.033686919898251934,8
139,2560,2560,1390.0,1400.0,10.0,0.10243594568776576,0.8450923262581527,0.06609343594587751,6
140,2560,2560,1400.0,1410.0,10.0,0.1072049044678191,0.8768436356831404,0.0594369822079277,11
141,2560,2560,1410.0,1420.0,10.0,0.10699545695383028,0.8646311610557917,0.06637585908027363,6
142,2560,2560,1420.0,1430.0,10.0,0.06633041654553817,0.9267719621051733,0.043215054221492945,0
143,2560,2560,1430.0,1440.0,10.0,0.1030965109241922,0.8878885679243762,0.06045053878226659,11
144,2560,2560,1440.0,1450.0,10.0,0.09468638767017934,0.8813046944925347,0.05887219189409361,11
145,2560,2560,1450.0,1460.0,10.0,0.08342455595647247,0.9001743220583815,0.046111998484393034,3
146,2560,2560,1460.0,1470.0,10.0,0.09322025507225745,0.8707658384555454,0.05929437769730612,6
147,2560,2560,1470.0,1480.0,10.0,0.0776405823009349,0.902239362516692,0.04658458003678988,0
148,2560,2560,1480.0,1490.0,10.0,0.08031506594109977,0.9037431132163338,0.04901879626873201,0
149,2560,2560,1490.0,1500.0,10.0,0.10854214628790171,0.8641843937609193,0.06439620664993662,6
150,2560,2560,1500.0,1510.0,10.0,0.1174839440005016,0.8581390395382278,0.07076095006264353,6
151,2560,2560,1510.0,1520.0,10.0,0.08442345948472674,0.8872142140908605,0.054695517256378896,3
152,2560,2560,1520.0,1530.0,10.0,0.09937478971408303,0.8880054290194046,0.05946055829937752,11
153,2560,2560,1530.0,1540.0,10.0,0.11431000859620927,0.8674988865917175,0.06677922671336595,6
154,2560,2560,1540.0,1550.0,10.0,0.08661460270799459,0.8875602131201035,0.055987906201009095,3
155,2560,2560,1550.0,1560.0,10.0,0.07461164902171186,0.912710269559116,0.044492104234556434,0
156,2560,2560,1560.0,1570.0,10.0,0.08340844460924257,0.8849911688876881,0.05269705812027647,3
157,2560,2560,1570.0,1580.0,10.0,0.09444471746173055,0.8758323496638476,0.05576126839367824,11
158,2560,2560,1580.0,1590.0,10.0,0.07815614541229199,0.8969119740948281,0.048777397011191166,3
159,2560,2560,1590.0,1600.0,10.0,0.08756517219455928,0.9096414865574751,0.047573952526125375,0
160,2560,2560,1600.0,1610.0,10.0,0.07910671489885651,0.8856329541316765,0.05082465326001754,3
161,2560,2560,1610.0,1620.0,10.0,0.08008950707988105,0.8958453630547591,0.04991700470286456,3
162,2560,2560,1620.0,1630.0,10.0,0.08468124104040536,0.9015932515316161,0.050667307163940876,3
163,2560,2560,1630.0,1640.0,10.0,0.10586766264773662,0.8822472290012533,0.06136173532399081,11
164,2560,2560,1640.0,1650.0,10.0,0.0860668169021776,0.8898714644062464,0.05398721224527922,3
165,2560,2560,1650.0,1660.0,10.0,0.07604555892517378,0.9021575754405211,0.04685423470841588,0
166,2560,2560,1660.0,1670.0,10.0,0.09352637066962588,0.8961521277184838,0.05184799646984712,11
167,2560,2560,1670.0,1680.0,10.0,0.07229161502060477,0.9026636821618896,0.044100101934744916,0
168,2560,2560,1680.0,1690.0,10.0,0.0789456014265576,0.9061244080197275,0.04710258753557408,0
169,2560,2560,1690.0,1700.0,10.0,0.06504150876714548,0.9244667587428415,0.04042668869174781,0
170,2560,2560,1700.0,1710.0,10.0,0.08421401197073808,0.8848054750797187,0.05221847473047542,3
171,2560,2560,1710.0,1720.0,10.0,0.07353218875730788,0.8838598105870701,0.04947508062083092,3
172,2560,2560,1720.0,1730.0,10.0,0.09705475571297606,0.9022619772740275,0.050014289820062986,11
173,2560,2560,1730.0,1740.0,10.0,0.09296247351657894,0.8764629101303862,0.05510214193476301,11
174,2560,2560,1740.0,1750.0,10.0,0.10620600093956473,0.8626226773662844,0.06666962959545042,6
175,2560,2560,1750.0,1760.0,10.0,0.09223746289123308,0.8855231965492458,0.057027546339006814,11
176,2560,2560,1760.0,1770.0,10.0,0.10333818113264087,0.8534925749413678,0.06034978973761355,6
177,2560,2560,1770.0,1780.0,10.0,0.097054755712976,0.8618998998505973,0.06028943387501198,6
178,2560,2560,1780.0,1790.0,10.0,0.07760835960647505,0.8768146933129335,0.053287291069342796,3
179,2560,2560,1790.0,1800.0,10.0,0.08708183177766193,0.8810218349305461,0.054930112876904046,3
180,2560,2560,1800.0,1810.0,10.0,0.0678448831851498,0.906708477419208,0.043610834816281835,0
181,2560,2560,1810.0,1820.0,10.0,0.09760254151879294,0.8728592734065355,0.057410226508987056,6
182,2560,2560,1820.0,1830.0,10.0,0.09223746289123297,0.8819688162253305,0.05542846954926339,11
183,2560,2560,1830.0,1840.0,10.0,0.08413345523458848,0.8906550434288529,0.051823479106506906,3
184,2560,2560,1840.0,1850.0,10.0,0.08434290274857725,0.8757326282117441,0.059328315772456335,3
185,2560,2560,1850.0,1860.0,10.0,0.10314484496588189,0.8495641901765285,0.06853101206857516,6
186,2560,2560,1860.0,1870.0,10.0,0.08685627291644321,0.8956998350739709,0.05117129135534533,3
187,2560,2560,1870.0,1880.0,10.0,0.06314036979401616,0.9147365373385603,0.03929160520380033,0
188,2560,2560,1880.0,1890.0,10.0,0.08796795587530698,0.8964447774316557,0.053375306856364005,3
189,2560,2560,1890.0,1900.0,10.0,0.09557251176782433,0.8856592469055506,0.05520658361604789,11
190,2560,2560,1900.0,1910.0,10.0,0.09289802812765935,0.8895515079376308,0.05368802450583111,11
191,2560,2560,1910.0,1920.0,10.0,0.11350444123471387,0.9077562848764449,0.05247786046094265,11
192,2560,2560,1920.0,1930.0,10.0,0.09051354873763268,0.9006159502817379,0.0506675465965958,3
193,2560,2560,1930.0,1940.0,10.0,0.05595470892947629,0.9335820396831462,0.03291411630459357,8
194,2560,2560,1940.0,1950.0,10.0,0.12831076933900087,0.8619273324780159,0.073545764032077,6
195,2560,2560,1950.0,1960.0,10.0,0.0699876923667278,0.9008468523302486,0.045600080671053284,0
196,2560,2560,1960.0,1970.0,10.0,0.06711987255980373,0.920910865869208,0.04427035699952723,0
197,2560,2560,1970.0,1980.0,10.0,0.06486428394761645,0.9070881650577494,0.04189782427614551,0
198,2560,2560,1980.0,1990.0,10.0,0.08738794737503014,0.881204910437213,0.054361083373710754,3
199,2560,2560,1990.0,2000.0,10.0,0.0831023290118742,0.9114810631570176,0.04592110445744873,0
200,2560,2560,2000.0,2010.0,10.0,0.09987424147821028,0.894003079587814,0.0544145499294687,11
201,2560,2560,2010.0,2020.0,10.0,0.06523484493390441,0.9237415449612105,0.04005117611228432,0
202,2560,2560,2020.0,2030.0,10.0,0.10888048457972976,0.8816468144585787,0.06212848245532335,11
203,2560,2560,2030.0,2040.0,10.0,0.06716820660149353,0.9222052241434251,0.03873204786322578,0
204,2560,2560,2040.0,2050.0,10.0,0.07862337448195933,0.9113965524544816,0.04382089087867861,0
205,2560,2560,2050.0,2060.0,10.0,0.1716825160819178,0.8198658931565777,0.09893628889424165,2
206,2560,2560,2060.0,2070.0,10.0,0.12022287302958623,0.8987305345195362,0.08639854110575573,11
207,2560,2560,2070.0,2080.0,10.0,0.45345386778580854,0.5833322225817221,0.23689500012909318,5
208,2560,2560,2080.0,2090.0,10.0,0.10527154280022993,0.8548877664662999,0.06761867869565188,6
209,2560,2560,2090.0,2100.0,10.0,0.10554543570313846,0.8720620953735831,0.062321817749599696,6
210,2560,2560,2100.0,2110.0,10.0,0.12099621769662183,0.9077240185992965,0.06301258982026783,11
211,2560,2560,2110.0,2120.0,10.0,0.15134999587777176,0.8447807534017713,0.07717565199977801,10
212,2560,2560,2120.0,2130.0,10.0,0.6508178713522024,0.5198912229611476,0.34756665846899726,5
213,2560,2560,2130.0,2140.0,10.0,0.11463223554080754,0.841237918424742,0.08011040610380525,10
214,2560,2560,2140.0,2150.0,10.0,0.9999668771715755,0.0145617392415609,0.753033661058632,4
215,2560,2560,2150.0,2160.0,10.0,0.6839589126041268,0.3033838230449102,0.5427411176152783,1
216,2560,2560,2160.0,2170.0,10.0,0.10038980458956742,0.8473171382713904,0.06796871221964938,6
217,2560,2560,2170.0,2180.0,10.0,0.09594307275411229,0.8691271485708381,0.06258470377947628,6
218,2560,2560,2180.0,2190.0,10.0,0.11192552920618276,0.8618249819461345,0.06653131837333606,6
219,2560,2560,2190.0,2200.0,10.0,0.10649600518970309,0.8441577701645644,0.06799223798620514,6
220,2560,2560,2200.0,2210.0,10.0,0.07823670214844153,0.8672978075835103,0.05798911243385954,3
221,2560,2560,2210.0,2220.0,10.0,0.1026776158962146,0.824224280972377,0.0726503979365902,10
222,2560,2560,2220.0,2230.0,10.0,0.07195327672877677,0.895274095402627,0.047207017309355656,3
223,2560,2560,2230.0,2240.0,10.0,0.08247398646990778,0.8680609641008423,0.056629459191067155,3
224,2560,2560,2240.0,2250.0,10.0,0.07196938807600661,0.8954221347771565,0.047088625916884196,3
225,2560,2560,2250.0,2260.0,10.0,0.0950247259620074,0.8783394619197833,0.05670289117451325,11
226,2560,2560,2260.0,2270.0,10.0,0.0827156566783564,0.8918360955293296,0.04878989517328953,3
227,2560,2560,2270.0,2280.0,10.0,0.1251690566291685,0.8784533060714954,0.0759257311039001,6
228,2560,2560,2280.0,2290.0,10.0,0.044966770118678,0.9394363391026845,0.03009718639088989,8
229,2560,2560,2290.0,2300.0,10.0,0.06808655339359831,0.892821889569553,0.04616433209235062,3
230,2560,2560,2300.0,2310.0,10.0,0.06033699537601189,0.9417416491174566,0.03370981143576194,8
231,2560,2560,2310.0,2320.0,10.0,0.09276913734982001,0.8652557551545872,0.058586772737616935,6
232,2560,2560,2320.0,2330.0,10.0,0.048527377856487974,0.9388064405609526,0.030892595558044057,8
233,2560,2560,2330.0,2340.0,10.0,0.07831725888459107,0.8890631583461879,0.05170507227909659,3
234,2560,2560,2340.0,2350.0,10.0,0.0768189035922095,0.8926191152904006,0.048726026758046034,3
235,2560,2560,2350.0,2360.0,10.0,0.08445568217918653,0.8827653718309352,0.05371420610752556,3
236,2560,2560,2360.0,2370.0,10.0,0.08002506169096146,0.8851359028481334,0.05228624694749389,3
237,2560,2560,2370.0,2380.0,10.0,0.04614289846646141,0.9342962049026491,0.031298059369271,8
238,2560,2560,2380.0,2390.0,10.0,0.054263017470335906,0.931103254393959,0.03543397454432943,8
239,2560,2560,2390.0,2400.0,10.0,0.0784783723568902,0.8771886724451492,0.053257109458019196,3
240,2560,2560,2400.0,2410.0,10.0,0.09305914159995837,0.8856847518366504,0.05577653020239187,11
241,2560,2560,2410.0,2420.0,10.0,0.07757613691201526,0.8961230967481988,0.04667232981295363,3
242,2560,2560,2420.0,2430.0,10.0,0.0750627667441493,0.8946421387167278,0.049071997441739866,3
243,2560,2560,2430.0,2440.0,10.0,0.05075074377421557,0.9336007733433691,0.03285279356999814,8
244,2560,2560,2440.0,2450.0,10.0,0.041486719117017457,0.948590552406245,0.024930410937884718,8
245,2560,2560,2450.0,2460.0,10.0,0.04686790909180727,0.9396730504587207,0.029661854486354895,8
246,2560,2560,2460.0,2470.0,10.0,0.034204390169098264,0.9499817807793507,0.02202659374648554,8
247,2560,2560,2470.0,2480.0,10.0,0.0653154016700539,0.9019038363217573,0.04345470575380856,0
248,2560,2560,2480.0,2490.0,10.0,0.07142160227018968,0.8955322364388152,0.04529070410536537,3
249,2560,2560,2490.0,2500.0,10.0,0.07354830010453778,0.8888659179438136,0.04709472373431728,3
250,2560,2560,2500.0,2510.0,10.0,0.059418648583907,0.9075766931788807,0.039441420535413566,0
251,2560,2560,2510.0,2520.0,10.0,0.04714180199471574,0.9466935794700637,0.026486619704178996,8
252,2560,2560,2520.0,2530.0,10.0,0.06494484068376599,0.9078825911556128,0.04109682012315741,0
253,2560,2560,2530.0,2540.0,10.0,0.08627626441616643,0.8745094862602867,0.05407279067904721,3
254,2560,2560,2540.0,2550.0,10.0,0.07097048454775218,0.9024619014747264,0.043330959605868656,0
255,2560,2560,2550.0,2560.0,10.0,0.05543914581811926,0.9428997954570693,0.02996933659248368,8
256,2560,2560,2560.0,2570.0,10.0,0.055036362137371564,0.9300783456916617,0.03434944117048749,8
257,2560,2560,2570.0,2580.0,10.0,0.04830181899526925,0.9437862434980873,0.0270892232655541,8
258,2560,2560,2580.0,2590.0,10.0,0.05514914156798095,0.9315580328184601,0.03352775125692319,8
259,2560,2560,2590.0,2600.0,10.0,0.05638971530468395,0.9224144766852538,0.03669627727075499,0
260,2560,2560,2600.0,2610.0,10.0,0.06866656189387516,0.9040717743082507,0.041869383857380656,0
261,2560,2560,2610.0,2620.0,10.0,0.06351093078030406,0.9348411841327351,0.03683036607379447,8
262,2560,2560,2620.0,2630.0,10.0,0.058323076972273125,0.9381617922373173,0.0323040446234079,8
263,2560,2560,2630.0,2640.0,10.0,0.08191008931686089,0.8840938529554154,0.04907304912574056,3
264,2560,2560,2640.0,2650.0,10.0,0.06463872508639767,0.9161771732740598,0.038971213993844976,0
265,2560,2560,2650.0,2660.0,10.0,0.1008731450064646,0.8682221642407548,0.06138095516255935,6
266,2560,2560,2660.0,2670.0,10.0,0.07843003831520046,0.893565035241991,0.04812411118948551,3
267,2560,2560,2670.0,2680.0,10.0,0.058371411013962815,0.9453614272735724,0.034708758887312355,8
268,2560,2560,2680.0,2690.0,10.0,0.05234576714997663,0.9357944396382682,0.030932813305722437,8
269,2560,2560,2690.0,2700.0,10.0,0.07535277099428767,0.9069009249428444,0.04288756625430261,0
270,2560,2560,2700.0,2710.0,10.0,0.07994450495481187,0.8739493505162028,0.05533433634128667,3
271,2560,2560,2710.0,2720.0,10.0,0.07271051004858242,0.8815698776686942,0.05038910366976113,3
272,2560,2560,2720.0,2730.0,10.0,0.07095437320052228,0.9116971068507398,0.04113128863469338,0
273,2560,2560,2730.0,2740.0,10.0,0.040616706366602306,0.9447256488126461,0.028311263146356392,8
274,2560,2560,2740.0,2750.0,10.0,0.07134104553404014,0.9251818293992464,0.03350323886184963,0
275,2560,2560,2750.0,2760.0,10.0,0.10129204003444237,0.86582590347968,0.060317625644290544,6
276,2560,2560,2760.0,2770.0,10.0,0.07601333623071399,0.9009757761157577,0.04817446212517754,3
277,2560,2560,2770.0,2780.0,10.0,0.0593380918477574,0.9142725531087694,0.04123086867931407,0
278,2560,2560,2780.0,2790.0,10.0,0.07127660014512055,0.9098645979850015,0.04221999558410449,0
279,2560,2560,2790.0,2800.0,10.0,0.06856989381049572,0.8958368795134619,0.04449413739966753,3
280,2560,2560,2800.0,2810.0,10.0,0.08013784112157085,0.8910998065414029,0.04805351616436206,3
281,2560,2560,2810.0,2820.0,10.0,0.06707153851811415,0.9189715954772342,0.0392820975724329,0
282,2560,2560,2820.0,2830.0,10.0,0.06025643863986224,0.9041808252499361,0.04164389078674137,0
283,2560,2560,2830.0,2840.0,10.0,0.043806753118124486,0.9477699597161438,0.024834537887657236,8
284,2560,2560,2840.0,2850.0,10.0,0.06921434769969215,0.8975771366565235,0.045577169651373525,3
285,2560,2560,2850.0,2860.0,10.0,0.04988073102380047,0.9325187303772426,0.031211837768661724,8
286,2560,2560,2860.0,2870.0,10.0,0.04635234598045024,0.9355271014034685,0.03072764842964784,8
287,2560,2560,2870.0,2880.0,10.0,0.07472442845232119,0.9347399282988376,0.039486663369834425,0
288,2560,2560,2880.0,2890.0,10.0,0.18466826194922492,0.7919640697963892,0.11157897825365405,2
289,2560,2560,2890.0,2900.0,10.0,0.10865492571851099,0.8637868055517148,0.06693411449473582,6
290,2560,2560,2900.0,2910.0,10.0,0.10649600518970309,0.8536554337281614,0.06680265481519014,6
291,2560,2560,2910.0,2920.0,10.0,0.09644252451823954,0.8851680728159088,0.06226115563656069,11
292,2560,2560,2920.0,2930.0,10.0,0.11131329801144613,0.8738361615047254,0.06622902280234023,6
293,2560,2560,2930.0,2940.0,10.0,0.06765154701839077,0.9016656423859004,0.04702103849240435,0
294,2560,2560,2940.0,2950.0,10.0,0.12528183605977783,0.8425288294576878,0.07592558758155141,10
295,2560,2560,2950.0,2960.0,10.0,0.07693168302281883,0.8940398343210771,0.04927478936793119,3
296,2560,2560,2960.0,2970.0,10.0,0.10983105406629445,0.8766117728561458,0.06478588099751692,6
297,2560,2560,2970.0,2980.0,10.0,0.7603750325155884,0.5158518223885897,0.4385859293415785,1
298,2560,2560,2980.0,2990.0,10.0,0.1297769019369227,0.8334386440781278,0.08365765771031844,10
299,2560,2560,2990.0,3000.0,10.0,0.13684978337085302,0.8321726214683633,0.0808186840394246,10
300,2560,2560,3000.0,3010.0,10.0,0.13432030185575727,0.8559670320501702,0.07772094382017408,10
301,2560,2560,3010.0,3020.0,10.0,0.1238801488507757,0.8246002930889504,0.08686454863198198,10
302,2560,2560,3020.0,3030.0,10.0,0.13111414375700503,0.8121947500461641,0.08714020182916749,10
303,2560,2560,3030.0,3040.0,10.0,0.11340777315133438,0.8811305711131234,0.06934849272637254,11
304,2560,2560,3040.0,3050.0,10.0,0.09658752664330866,0.8640956116318355,0.06587134386357335,6
305,2560,2560,3050.0,3060.0,10.0,0.08487457720716424,0.8927028879182035,0.05607989189604132,3
306,2560,2560,3060.0,3070.0,10.0,0.0953791756010654,0.8902105670925504,0.055357405125105695,11
307,2560,2560,3070.0,3080.0,10.0,0.0988914492971858,0.8694225457416676,0.06170905492656015,6
308,2560,2560,3080.0,3090.0,10.0,0.16150014463261486,0.8028725707233746,0.09609336604457112,2
309,2560,2560,3090.0,3100.0,10.0,0.0802506205521803,0.896953009039761,0.04835590133093288,3
310,2560,2560,3100.0,3110.0,10.0,0.12352569921171763,0.8247929210074652,0.07723409156520918,10
311,2560,2560,3110.0,3120.0,10.0,0.14379377402694415,0.8086027712869761,0.12087738836363077,2
312,2560,2560,3120.0,3130.0,10.0,0.10712434773166968,0.8961082278211983,0.06397458420123713,11
313,2560,2560,3130.0,3140.0,10.0,0.034864955405524534,0.9710991132239135,0.016803871909797954,8
314,2560,2560,3140.0,3150.0,10.0,0.0843751254430371,0.909181990791524,0.05334906660527951,0
315,2560,2560,3150.0,3160.0,10.0,0.06831211225481715,0.9401372750912735,0.03662273246915493,8
316,2560,2560,3160.0,3170.0,10.0,0.11882118582058404,0.8357390219547693,0.07782821880598217,10
317,2560,2560,3170.0,3180.0,10.0,0.08448790487364644,0.8797960845988702,0.05427617899101669,3
318,2560,2560,3180.0,3190.0,10.0,0.08961131329275773,0.864583027468601,0.060201044555427644,6
319,2560,2560,3190.0,3200.0,10.0,0.08627626441616643,0.878102389903376,0.05425754194624056,3
320,2560,2560,3200.0,3210.0,10.0,0.06558929457296236,0.9230966991483751,0.038750279907502114,0
321,2560,2560,3210.0,3220.0,10.0,0.11053995334441047,0.8722433871091049,0.06006770238532536,6
322,2560,2560,3220.0,3230.0,10.0,0.06958490868598,0.9182782935156901,0.04517849078571264,0
323,2560,2560,3230.0,3240.0,10.0,0.08218398221976941,0.9067619318145299,0.04788550243150966,0
324,2560,2560,3240.0,3250.0,10.0,0.07456331498002211,0.9014996128975696,0.04710673177936153,0
325,2560,2560,3250.0,3260.0,10.0,0.07092215050606249,0.9077853067332209,0.04416373360872411,0
326,2560,2560,3260.0,3270.0,10.0,0.06346259673861432,0.9437063188263375,0.03254469105521782,8
327,2560,2560,3270.0,3280.0,10.0,0.04525677436881631,0.941896987464049,0.02656780271726263,8
328,2560,2560,3280.0,3290.0,10.0,0.07875226525979856,0.9082553392441728,0.04498400498878046,0
329,2560,2560,3290.0,3300.0,10.0,0.061013671959668,0.9210582253590749,0.03454415800266709,0
330,2560,2560,3300.0,3310.0,10.0,0.06343037404415447,0.9252665815942756,0.036084696138797216,0
331,2560,2560,3310.0,3320.0,10.0,0.1026292818545248,0.8913497301693367,0.0542171559398506,11
332,2560,2560,3320.0,3330.0,10.0,0.10741435198180793,0.8330751757297925,0.07188198323506638,10
333,2560,2560,3330.0,3340.0,10.0,0.0936874841419249,0.8462148687398585,0.06537176448322476,6
334,2560,2560,3340.0,3350.0,10.0,0.08611515094386735,0.8920999553520508,0.05439965134374096,3
335,2560,2560,3350.0,3360.0,10.0,0.0900302083207355,0.8589128717568129,0.05965900304927644,6
336,2560,2560,3360.0,3370.0,10.0,0.0764483426059216,0.9070200329772264,0.04695618119826998,0
337,2560,2560,3370.0,3380.0,10.0,0.05816196349997399,0.9493177941167701,0.02932422018332941,8
338,2560,2560,3380.0,3390.0,10.0,0.07585222275841486,0.8859343617793507,0.049616945998773886,3
339,2560,2560,3390.0,3400.0,10.0,0.08002506169096141,0.8872380561068189,0.05098141083943917,3
340,2560,2560,3400.0,3410.0,10.0,0.07596500218902419,0.9398099184440973,0.03848281443274586,8
341,2560,2560,3410.0,3420.0,10.0,0.06508984280883529,0.9150459110809879,0.039311551248891505,0
342,2560,2560,3420.0,3430.0,10.0,0.06365593290537319,0.9373066277297661,0.03461554669023407,8
343,2560,2560,3430.0,3440.0,10.0,0.06731320872656277,0.9060842931198625,0.04303413871229546,0
344,2560,2560,3440.0,3450.0,10.0,0.03890890356023197,0.9548138451000221,0.021842726260907205,8
345,2560,2560,3450.0,3460.0,10.0,0.06309203575232641,0.9213372899935963,0.03818653827562063,0
346,2560,2560,3460.0,3470.0,10.0,0.06217368896022152,0.9111682347291483,0.04175684644319839,0
347,2560,2560,3470.0,3480.0,10.0,0.06459039104470793,0.90756559850606,0.04217851738767974,0
348,2560,2560,3480.0,3490.0,10.0,0.10685045482876115,0.8820003163764685,0.06041405885671083,11
349,2560,2560,3490.0,3500.0,10.0,0.07968672339913341,0.892624438367223,0.04655370338270346,3
350,2560,2560,3500.0,3510.0,10.0,0.10865492571851099,0.8806569140368872,0.056619249833810906,11
351,2560,2560,3510.0,3520.0,10.0,0.20838416507165208,0.809524645279748,0.11023748687367216,2
352,2560,2560,3520.0,3530.0,10.0,0.20886750548854932,0.7960699794364792,0.11805396105366055,2
353,2560,2560,3530.0,3540.0,10.0,0.15532949864355933,0.8054298748992004,0.0903228304546251,2
354,2560,2560,3540.0,3550.0,10.0,0.10649600518970315,0.8509939496315311,0.06831086521587465,6
355,2560,2560,3550.0,3560.0,10.0,0.1818487761839908,0.82934166856709,0.09487876920515938,2
356,2560,2560,3560.0,3570.0,10.0,0.1021620527848574,0.8667529929716089,0.059435058977224973,6
357,2560,2560,3570.0,3580.0,10.0,0.10225872086823695,0.8769958952230319,0.06077520554651622,11
358,2560,2560,3580.0,3590.0,10.0,0.20092461130420397,0.7565260496064439,0.11371720861998691,9
359,2560,2560,3590.0,3600.0,10.0,0.13269305578553625,0.8335379792981867,0.07793703901977826,10
360,2560,2560,3600.0,3610.0,10.0,0.15579672771322672,0.8475862389234772,0.08145586990174129,10
361,2560,2560,3610.0,3620.0,10.0,0.10581932860604687,0.8541328025649686,0.07056034280517619,6
362,2560,2560,3620.0,3630.0,10.0,0.21656872946444616,0.7514269829009887,0.11939631168846589,9
363,2560,2560,3630.0,3640.0,10.0,0.48253484953579556,0.5290875152556689,0.2721780510165151,5
364,2560,2560,3640.0,3650.0,10.0,0.21871153864602422,0.7442155290514734,0.11658593232310684,9
365,2560,2560,3650.0,3660.0,10.0,0.20417910344464574,0.8540774334536985,0.09919163715460608,2
366,2560,2560,3660.0,3670.0,10.0,0.18979167036833627,0.7449564493327974,0.11451155220733604,9
367,2560,2560,3670.0,3680.0,10.0,0.08998187427904564,0.8660485833078437,0.06084828581972232,6
368,2560,2560,3680.0,3690.0,10.0,0.1301796856176703,0.8361377703375903,0.08177937937546627,10
369,2560,2560,3690.0,3700.0,10.0,0.1720369657209757,0.823066956061856,0.08887141675908322,2
370,2560,2560,3700.0,3710.0,10.0,0.2095441820722055,0.7970588709929194,0.10145006493840455,2
371,2560,2560,3710.0,3720.0,10.0,0.12136677868290979,0.8597614721297115,0.06957350615880871,6
372,2560,2560,3720.0,3730.0,10.0,0.10161426697904041,0.8587191851645588,0.0642613295101393,6
373,2560,2560,3730.0,3740.0,10.0,0.11062051008056001,0.8671418128965798,0.0635677761431691,6
374,2560,2560,3740.0,3750.0,10.0,0.10710823638443967,0.8532462457607193,0.06766871345543658,6
375,2560,2560,3750.0,3760.0,10.0,0.0988108925610362,0.8659496929001791,0.06229668206854038,6
376,2560,2560,3760.0,3770.0,10.0,0.13717201031545123,0.8309682050664926,0.08273760786785352,10
377,2560,2560,3770.0,3780.0,10.0,0.07396719513251548,0.9332742257433477,0.04204283328135163,0
378,2560,2560,3780.0,3790.0,10.0,0.06080422444567918,0.9311590338080222,0.032806162779269746,8
379,2560,2560,3790.0,3800.0,10.0,0.060433663459391274,0.9255610669967629,0.03854972341805638,0
380,2560,2560,3800.0,3810.0,10.0,0.11811228654246803,0.8456377414270919,0.07129426084137565,10
381,2560,2560,3810.0,3820.0,10.0,0.19673566102442736,0.7831461255072181,0.12764947654796202,2
382,2560,2560,3820.0,3830.0,10.0,0.12110899712723128,0.8311947680367964,0.08086621374973114,10
383,2560,2560,3830.0,3840.0,10.0,0.09470249901740924,0.8981256827923592,0.053767504160239704,11
384,2560,2560,3840.0,3850.0,10.0,0.05299022103917306,0.9551417370833999,0.03275603453040512,8
385,2560,2560,3850.0,3860.0,10.0,0.08638904384677581,0.902941965047358,0.04940913691113809,3
386,2560,2560,3860.0,3870.0,10.0,0.12249457298900335,0.8377517895227875,0.07442506296963515,10
387,2560,2560,3870.0,3880.0,10.0,0.09244691040522185,0.8593566128337129,0.06176738601885645,6
388,2560,2560,3880.0,3890.0,10.0,0.07934838510730535,0.9206119056316937,0.04182062817390186,0
389,2560,2560,3890.0,3900.0,10.0,0.0716632724786384,0.9055860528663033,0.047059997688082125,0
390,2560,2560,3900.0,3910.0,10.0,0.11324665967903524,0.8319949200505197,0.0728203359771836,10
391,2560,2560,3910.0,3920.0,10.0,0.07348385471561819,0.9360590770310069,0.0379422905049569,8
392,2560,2560,3920.0,3930.0,10.0,0.07897782412101734,0.9102768328506856,0.045512577990418523,0
393,2560,2560,3930.0,3940.0,10.0,0.0611586740847373,0.9275504909937831,0.033167713172512735,8
394,2560,2560,3940.0,3950.0,10.0,0.0881935147365257,0.9058399611712382,0.04666219364585515,0
395,2560,2560,3950.0,3960.0,10.0,0.0975542074771032,0.8667752854534478,0.06205089987138457,6
396,2560,2560,3960.0,3970.0,10.0,0.0932363664194874,0.8849469303134532,0.05768161609099908,11
397,2560,2560,3970.0,3980.0,10.0,0.05840363370842272,0.9368728868806331,0.03510769104083641,8
398,2560,2560,3980.0,3990.0,10.0,0.08129785812212431,0.9142458986584592,0.04491510126474812,0
399,2560,2560,3990.0,4000.0,10.0,0.06666875483736634,0.921226244081442,0.041538818809767224,0
400,2560,2560,4000.0,4010.0,10.0,0.08028284324663998,0.9122385624444393,0.04334548917906979,0
401,2560,2560,4010.0,4020.0,10.0,0.06636263923999808,0.9275725391737843,0.03536706594990039,0
402,2560,2560,4020.0,4030.0,10.0,0.0971030897546658,0.8863932747034917,0.05284131516880808,11
403,2560,2560,4030.0,4040.0,10.0,0.10055091806186645,0.8707803308378674,0.062342424725080815,6
404,2560,2560,4040.0,4050.0,10.0,0.09407415647544276,0.8882123096310173,0.055206055817624916,11
405,2560,2560,4050.0,4060.0,10.0,0.039392243977129204,0.9537249808874197,0.020653888539332633,8
406,2560,2560,4060.0,4070.0,10.0,0.21010807922525238,0.7477701238409744,0.12395584622574504,9
407,2560,2560,4070.0,4080.0,10.0,0.6278108675078913,0.5490723443120771,0.28445864001823995,5
408,2560,2560,4080.0,4090.0,10.0,0.1437132172907945,0.7633633101313266,0.09827767349055573,2
409,2560,2560,4090.0,4100.0,10.0,0.12202734391933606,0.8128293418511638,0.08342276458886069,10
410,2560,2560,4100.0,4110.0,10.0,0.12286513397529131,0.8026436354226314,0.08644415575131273,10
411,2560,2560,4110.0,4120.0,10.0,0.10754324275964722,0.8418036095505437,0.0704778868398144,6
412,2560,2560,4120.0,4130.0,10.0,0.047206247383635325,0.9558550968923816,0.030113576519128722,8
413,2560,2560,4130.0,4140.0,10.0,0.09164134304372634,0.8684358369877574,0.05860751735961426,6
414,2560,2560,4140.0,4150.0,10.0,0.11935286027917102,0.8291251829978987,0.08120432061285114,10
415,2560,2560,4150.0,4160.0,10.0,0.11105551645576756,0.8271624035798111,0.07460405689772355,10
416,2560,2560,4160.0,4170.0,10.0,0.11298887812335673,0.9156660956725668,0.06311633271951998,11
417,2560,2560,4170.0,4180.0,10.0,0.0657987420869513,0.9367494375629764,0.03381269381072481,8
418,2560,2560,4180.0,4190.0,10.0,0.07907449220439683,0.9032483668872509,0.046134100684420344,0
419,2560,2560,4190.0,4200.0,10.0,0.0936230387530052,0.8805205397077862,0.05601375399886548,11
420,2560,2560,4200.0,4210.0,10.0,0.08957909059829788,0.8855809167596691,0.05385639306736208,3
421,2560,2560,4210.0,4220.0,10.0,0.06650764136506726,0.9346266200311197,0.03512193487569634,8
422,2560,2560,4220.0,4230.0,10.0,0.06663653214290655,0.9232337525701477,0.03962045753248695,0
423,2560,2560,4230.0,4240.0,10.0,0.07222716963168518,0.9008656444652559,0.045458187081434946,0
424,2560,2560,4240.0,4250.0,10.0,0.06075589040398954,0.9239433744521952,0.03744728584341685,0
425,2560,2560,4250.0,4260.0,10.0,0.07441831285495293,0.9132747945046025,0.043355718320236124,0
426,2560,2560,4260.0,4270.0,10.0,0.5267604976818976,0.5425271626734527,0.33715891552236804,5
427,2560,2560,4270.0,4280.0,10.0,0.1696202636364893,0.7865507448384039,0.10299639687580002,2
428,2560,2560,4280.0,4290.0,10.0,0.1504799831273566,0.764515649772737,0.10138383349456485,2
429,2560,2560,4290.0,4300.0,10.0,0.17136028913731954,0.804626348421797,0.09385499387449645,2
430,2560,2560,4300.0,4310.0,10.0,0.19417395681487165,0.7769456264581842,0.10689943755877053,2
431,2560,2560,4310.0,4320.0,10.0,0.13881536773290198,0.8036103657903626,0.09319117942692604,10
432,2560,2560,4320.0,4330.0,10.0,0.0640909392805808,0.9575947152560231,0.026559852570471523,8
433,2560,2560,4330.0,4340.0,10.0,0.062447581863129986,0.9237101123866847,0.039236940751589046,0
434,2560,2560,4340.0,4350.0,10.0,0.061819239321163566,0.9321884505682463,0.03150242628156,8
435,2560,2560,4350.0,4360.0,10.0,0.07838170427351071,0.9033065288287279,0.044855071248477575,0
436,2560,2560,4360.0,4370.0,10.0,0.08762961758347887,0.900437442589513,0.05085192611312077,3
437,2560,2560,4370.0,4380.0,10.0,0.07377385896575656,0.9122318845249042,0.04276537418847795,0
438,2560,2560,4380.0,4390.0,10.0,0.07258161927074314,0.9109301277665631,0.039660515917628376,0
439,2560,2560,4390.0,4400.0,10.0,0.5633815899354824,0.5598040230931502,0.32136140723593215,5
440,2560,2560,4400.0,4410.0,10.0,0.15932511275657707,0.7677825465939012,0.10014937788771601,2
441,2560,2560,4410.0,4420.0,10.0,0.1607267999655792,0.7781819382283648,0.11017348810828104,2
442,2560,2560,4420.0,4430.0,10.0,0.1534928050593497,0.7606627783799529,0.10272137901364493,2
443,2560,2560,4430.0,4440.0,10.0,0.17471144936114086,0.7399632453308604,0.12085994001538361,9
444,2560,2560,4440.0,4450.0,10.0,0.1069310115649107,0.8537387088850048,0.07202645204189548,6
445,2560,2560,4450.0,4460.0,10.0,0.17329365080490872,0.777230086420573,0.10581183954923613,2
446,2560,2560,4460.0,4470.0,10.0,0.15702119010269988,0.7963422908825644,0.0993960035091942,2
447,2560,2560,4470.0,4480.0,10.0,0.17612924791737283,0.7855103151576484,0.1018929076714443,2
448,2560,2560,4480.0,4490.0,10.0,0.12713464099121752,0.8383423129205014,0.08251906582612085,10
449,2560,2560,4490.0,4500.0,10.0,0.02740540163807642,0.9804567686876307,0.007425628560895693,8
450,2560,2560,4500.0,4510.0,10.0,0.16820246508025738,0.762708524163757,0.10492281085941928,2
451,2560,2560,4510.0,4520.0,10.0,0.11039495121934129,0.8466609416081332,0.0722607130626944,6
452,2560,2560,4520.0,4530.0,10.0,0.16303072261945628,0.7994516941610899,0.09284676723444767,2
453,2560,2560,4530.0,4540.0,10.0,0.13021190831213014,0.799053140434896,0.0880749466265611,10
454,2560,2560,4540.0,4550.0,10.0,0.13272527847999616,0.8259388634768616,0.08333736650926032,10
455,2560,2560,4550.0,4560.0,10.0,0.09394526569760342,0.9004279945441387,0.05670560692154967,11
456,2560,2560,4560.0,4570.0,10.0,0.07738280074525633,0.924455991481659,0.05720871723696322,0
457,2560,2560,4570.0,4580.0,10.0,0.12226901412778474,0.8708096646237071,0.06562854555811967,6
458,2560,2560,4580.0,4590.0,10.0,0.18984000441002596,0.7385489036369925,0.12250397145646195,9
459,2560,2560,4590.0,4600.0,10.0,0.1309852529791659,0.8020637970919084,0.08667605207201595,10
460,2560,2560,4600.0,4610.0,10.0,0.16478685946751637,0.7946066394184546,0.09869087295523649,2
461,2560,2560,4610.0,4620.0,10.0,0.12710241829675756,0.825563059604624,0.08221832647872845,10
462,2560,2560,4620.0,4630.0,10.0,0.11361722066532326,0.8797149022481898,0.06767595379373507,6
463,2560,2560,4630.0,4640.0,10.0,0.061561457765484884,0.9510633171302971,0.03156418344427107,8
464,2560,2560,4640.0,4650.0,10.0,0.18980778171556612,0.7887040436999975,0.09968525062249159,2
465,2560,2560,4650.0,4660.0,10.0,0.29379041673740336,0.6444981549826587,0.16628193464882812,9
466,2560,2560,4660.0,4670.0,10.0,0.1501094221410687,0.7675148961821656,0.09814683362795636,2
467,2560,2560,4670.0,4680.0,10.0,0.22565552930211524,0.6888286199317273,0.13997360391131317,9
468,2560,2560,4680.0,4690.0,10.0,0.17211752245712525,0.8010866875737728,0.10163812102103194,2
469,2560,2560,4690.0,4700.0,10.0,0.1381225798020158,0.8195557837558347,0.08693348152306497,10
470,2560,2560,4700.0,4710.0,10.0,0.105980442078346,0.887862086984073,0.06519814346025464,11
471,2560,2560,4710.0,4720.0,10.0,0.11298887812335667,0.8966876064676037,0.07180581732905358,11
472,2560,2560,4720.0,4730.0,10.0,0.18581216760254843,0.778539080786713,0.10424869870768665,2
473,2560,2560,4730.0,4740.0,10.0,0.1577784234225057,0.7379574731176579,0.10704327294094919,9
474,2560,2560,4740.0,4750.0,10.0,0.6843455849376445,0.3910523302002453,0.4284905193617434,1
475,2560,2560,4750.0,4760.0,10.0,0.7120893248675491,0.07737644595468285,0.5121440219675024,7
476,2560,2560,4760.0,4770.0,10.0,0.2074013728906276,0.7195994499175318,0.12401504530932875,9
477,2560,2560,4770.0,4780.0,10.0,0.16175792618829332,0.8422604068953388,0.10224023374866513,10
478,2560,2560,4780.0,4790.0,10.0,0.1890183257013005,0.7824729821090861,0.10773405388529876,2
479,2560,2560,4790.0,4800.0,10.0,0.19011389731293443,0.7813332000883753,0.11533722398529996,2
480,2560,2560,4800.0,4810.0,10.0,0.1656890949123913,0.8302029872240848,0.09532697227906956,2
481,2560,2560,4810.0,4820.0,10.0,0.1773859330013059,0.7801584261265062,0.11452005209025251,2
482,2560,2560,4820.0,4830.0,10.0,0.17524312381972784,0.7762876976412001,0.1125896442655376,2
483,2560,2560,4830.0,4840.0,10.0,0.7556060737355351,0.4332297931586653,0.33735134544020257,1
484,2560,2560,4840.0,4850.0,10.0,0.5698261288274462,0.47962284000552824,0.2869882856076343,5
485,2560,2560,4850.0,4860.0,10.0,0.16132291981308583,0.7222711757400762,0.11258297399639842,9
486,2560,2560,4860.0,4870.0,10.0,0.17210141110989546,0.7593655269743158,0.10435132841512121,2
487,2560,2560,4870.0,4880.0,10.0,0.19259504478634049,0.787232291646121,0.10960023678832276,2
488,2560,2560,4880.0,4890.0,10.0,0.12165678293304816,0.7971224866187452,0.0843581762458013,10
489,2560,2560,4890.0,4900.0,10.0,0.13868647695506275,0.7604370700537795,0.09718531123610791,2
490,2560,2560,4900.0,4910.0,10.0,0.10346707191048005,0.8531060892730113,0.06679040463165478,6
491,2560,2560,4910.0,4920.0,10.0,0.09215690615508343,0.868579442467798,0.06399738639320948,6
492,2560,2560,4920.0,4930.0,10.0,0.14335876765173655,0.8301933917775441,0.09203023115835737,10
493,2560,2560,4930.0,4940.0,10.0,0.09243079905799201,0.8840575297365021,0.064152514193993,11
494,2560,2560,4940.0,4950.0,10.0,0.11381055683208213,0.8958404082788127,0.060327147941653635,11
495,2560,2560,4950.0,4960.0,10.0,0.14885273705713564,0.7416542329576135,0.10641001392785064,9
496,2560,2560,4960.0,4970.0,10.0,0.13954037835824784,0.7765485496013067,0.0926001904861698,2
497,2560,2560,4970.0,4980.0,10.0,0.10971827463568506,0.9080819155936481,0.0655975530460388,11
498,2560,2560,4980.0,4990.0,10.0,0.11790283902847914,0.8769305173798274,0.06931423987953973,6
499,2560,2560,4990.0,5000.0,10.0,0.05097630263543429,0.9572436160204849,0.025672873685500065,8
